,inputs.question,outputs.answer,error,reference.answer,feedback.correctness,execution_time,example_id,id
0,what is the current stock price of infosys on nse?,I don't know.,,i don't know,1,17.139692,76a2300e-d3c6-4956-98b9-38e02c301e11,01a0ecbc-97fa-75a0-a506-a4827689b9a7
1,is the campus doctor free to visit and what are the timings?,"The Campus Doctor's services are free, but students will have to pay for medicines, disposables, etc. The timings are not specified in the provided context, but it can be inferred that the Campus Doctor is available during day hours (6:00 AM - 09:00 PM) as mentioned in Rule 8.1.2.",,"consultation with the chief medical officer (cmo) is free for students. the cmo is available monday to saturday. nursing staff are in the infirmary from 10:00 am to 5:00 pm. however, students have to pay for medicines and any treatment at empaneled external medical facilities.",1,14.479307,fd88ec78-b6e6-4cd3-bd74-e8fe03820755,01a0ecbc-f928-7bd0-bff4-7e29bd042356
2,are microwaves or electric kettles allowed in the hostel room?,i don't know,,"no. heavy-duty electrical appliances like irons, microwaves, room heaters, and hair dryers are not allowed in hostel rooms. the university covers up to 100 units of electricity per room per month; usage beyond that, particularly for air conditioning, is billed equally to all occupants of the room.",0,12.74024,cd13f609-70f7-43e9-9b4b-df3388d1e56a,01a0ecbd-500a-7f43-a0b8-fbafc939fbbf
3,how do i apply for leave to go home for a weekend?,I don't know.,,"your parents need to email the warden at warden.hostel@vijaybhoomi.edu.in, preferably a day in advance (two days if it is a holiday). based on that email the warden will sign your leave application. you then submit the admin copy of the leave form to security and keep the student copy, which you hand back to security when you return.",0,12.834997,585ca7d4-45b7-4e46-81cb-76597c6f2485,01a0ecbd-9df7-7a12-883b-08dd05d7b447
4,how much wifi data do i get per month and what is the speed?,"You get 150 GB of Wi-Fi data per month, and the speed is 5 MBPS (Megabits per second).",,"each student gets 150 gb of data per month. the speed is 10 mbps, but if you connect two devices simultaneously the speed splits between both devices. additional data can be purchased after the 150 gb limit is exhausted.",0,13.304257,d9d3b8fb-45da-49c1-9151-ce437682a34f,01a0ecbd-ed3a-7952-a14b-38d1f62a7211
5,how does the hostel laundry service work and how long does it take?,"The hostel laundry service works as follows:

- Students can find out the timings of trips and cost for the Vijaybhoomi Bus Service from a specific source.
- The laundry facility has operating hours displayed, but no information is given about these hours in relation to the laundry service itself.
- To use the laundry service, students need to submit their clothes during operation hours in cloth bags tagged with their names. Each piece of clothing will be meticulously counted and the cost for the service requested.
- The laundry charges are regulated and available with the Vice – President – DORF (Student Council) and/or the Warden. Students must pay as per the regulated charges, which can only be paid electronically.
- The recommended optimal load to maintain an efficient laundry process is 3 kilograms of clothes at a time. However, the provider reserves the right to take only 3 Kg of load at any given point in time.

The average laundry processing time ranges from 2 to 4 days.",,the university has an in-house laundry service available at an additional cost. clothes must be delivered in a cloth bag during operating hours. the maximum load accepted at one time is 3 kilograms. processing time is 2 to 4 days on average. payment must be made electronically only. the service provider will not wash undergarments or lingerie.,1,17.504344,59285d90-7605-4319-8772-d0fabf5f8a3d,01a0ecbe-3f65-7c53-bcee-1d3c35e36896
6,can i order zomato or swiggy and eat it in my room?,"Yes, you can order food from Zomato or Swiggy and eat it in your room, as long as you consume the food in either the student mess area or other designated areas.",,"students can order food from outside, but they are required to consume it in the student mess or other designated areas. eating outside delivery food in the hostel room is not allowed.",0,13.863615,67d2e926-3f47-45d9-995b-812fa5c13f21,01a0ecbe-a284-7592-8915-3ae616c32074
7,can i cook food in my hostel room?,"No, consumption of cooked food inside the hostel room is strictly prohibited.",,"no, consumption of cooked food inside the hostel room is strictly prohibited. students must eat in the student mess or other designated areas. this rule applies to both mess food and food ordered from outside.",1,13.560773,f8ced213-6748-4d22-b513-c41a11c76265,01a0ecbe-ef84-7e22-b85b-c9b66054d8ff
8,can i come back after 9pm on a friday night?,"Yes, you can come back after 9PM on a Friday night. According to section 15.2, students may report back to campus by 11:00 PM on Fridays and Saturdays.",,"yes, on fridays and saturdays students can return to campus by 11:00 pm. but on sundays the curfew is back to 09:00 pm because classes start the next day.",1,9.50835,9ab70f44-0582-4cd9-b8f7-a7053aa7b739,01a0ecbf-4464-7a62-aea4-52198b515f6c
9,what time do i have to be back in the hostel by on a regular weekday?,"According to section 15.2, students may report back to campus by 11:00PM on Fridays and Saturdays, but they must return by 09:00PM on Sundays due to regular classes the following day. On regular weekdays (not mentioned in this context), there is no specific time mentioned for returning to the hostel.",,"students must return to campus by 09:00 pm on regular weekdays. a 30-minute grace period is allowed for the first late return, after which a fine of rs 500 per night is charged from the second offence onwards.",0,14.681645,94c27158-641a-49a6-9da9-cd885eafeacd,01a0ecbf-7f11-7811-a01e-be1385567105
